"Major area, region, country or area of destination",Notes,Country code,Total population of both sexes at mid-year (thousands),,,,,,Total male population at mid-year (thousands),,,,,,Total female population at mid-year (thousands),,,,,
,,,1990,1995,2000,2005,2010,2015,1990,1995,2000,2005,2010,2015,1990,1995,2000,2005,2010,2015
WORLD,,900, 5 309 668, 5 735 123, 6 126 622, 6 519 636, 6 929 725, 7 349 472, 2 670 424, 2 886 636, 3 084 538, 3 285 082, 3 493 957, 3 707 206, 2 639 244, 2 848 487, 3 042 084, 3 234 554, 3 435 768, 3 642 266
Developed regions,(b),901, 1 144 463, 1 169 761, 1 188 812, 1 208 920, 1 233 376, 1 251 351,  555 256,  568 268,  578 010,  587 962,  599 955,  609 297,  589 207,  601 493,  610 802,  620 957,  633 420,  642 054
Developing regions,(c),902, 4 165 205, 4 565 362, 4 937 810, 5 310 716, 5 696 349, 6 098 121, 2 115 168, 2 318 367, 2 506 527, 2 697 120, 2 894 001, 3 097 909, 2 050 037, 2 246 994, 2 431 283, 2 613 596, 2 802 348, 3 000 212
Least developed countries,(d),941,  510 058,  585 189,  664 386,  752 805,  847 255,  954 158,  254 043,  292 027,  331 482,  375 758,  422 398,  476 031,  256 015,  293 163,  332 904,  377 047,  424 857,  478 127
Less developed regions excluding least developed countries,,934, 3 655 147, 3 980 173, 4 273 424, 4 557 911, 4 849 094, 5 143 963, 1 861 126, 2 026 341, 2 175 045, 2 321 362, 2 471 604, 2 621 877, 1 794 021, 1 953 832, 2 098 379, 2 236 549, 2 377 491, 2 522 086
Sub-Saharan Africa,(e),947,  491 498,  562 978,  642 172,  733 322,  840 390,  962 287,  244 591,  280 184,  319 999,  365 726,  419 507,  481 052,  246 907,  282 794,  322 174,  367 595,  420 883,  481 234
Africa,,903,  631 614,  720 416,  814 063,  920 239, 1 044 107, 1 186 178,  315 071,  359 409,  406 406,  459 591,  521 740,  593 455,  316 543,  361 008,  407 658,  460 648,  522 367,  592 724
Eastern Africa,,910,  198 232,  225 310,  259 373,  297 636,  342 743,  394 477,  98 209,  111 579,  128 612,  147 724,  170 257,  196 135,  100 023,  113 730,  130 760,  149 912,  172 485,  198 343
Burundi,,108,  5 613,  6 239,  6 767,  7 934,  9 461,  11 179,  2 755,  3 054,  3 336,  3 920,  4 667,  5 524,  2 858,  3 185,  3 431,  4 014,  4 794,  5 655
Comoros,,174,   415,   480,   548,   619,   699,   788,   208,   241,   276,   312,   352,   398,   207,   239,   272,   307,   346,   391
Djibouti,,262,   588,   661,   723,   778,   831,   888,   296,   332,   363,   391,   417,   446,   292,   329,   359,   387,   413,   442
Eritrea,,232,  3 139,  3 164,  3 535,  4 191,  4 690,  5 228,  1 558,  1 571,  1 758,  2 090,  2 344,  2 619,  1 581,  1 593,  1 777,  2 101,  2 346,  2 609
Ethiopia,,231,  48 057,  57 237,  66 444,  76 608,  87 562,  99 391,  23 966,  28 536,  33 129,  38 217,  43 697,  49 608,  24 091,  28 701,  33 314,  38 392,  43 865,  49 783
Kenya,,404,  23 446,  27 373,  31 066,  35 349,  40 328,  46 050,  11 678,  13 633,  15 488,  17 665,  20 159,  23 017,  11 768,  13 740,  15 578,  17 684,  20 169,  23 033
Madagascar,,450,  11 546,  13 453,  15 745,  18 290,  21 080,  24 235,  5 765,  6 704,  7 839,  9 107,  10 500,  12 082,  5 781,  6 748,  7 905,  9 183,  10 580,  12 153
Malawi,,454,  9 409,  9 823,  11 193,  12 748,  14 770,  17 215,  4 623,  4 860,  5 551,  6 342,  7 356,  8 593,  4 786,  4 963,  5 643,  6 406,  7 413,  8 622
Mauritius,(1),480,  1 056,  1 129,  1 185,  1 222,  1 248,  1 273,   527,   563,   588,   606,   619,   629,   529,   566,   597,   616,   629,   644
Mayotte,,175,   95,   123,   150,   178,   209,   240,   48,   63,   76,   88,   102,   118,   46,   61,   74,   90,   107,   122
Mozambique,,508,  13 372,  15 913,  18 265,  21 127,  24 321,  27 978,  6 390,  7 596,  8 766,  10 213,  11 821,  13 666,  6 982,  8 317,  9 498,  10 914,  12 500,  14 312
Réunion,,638,   611,   674,   737,   792,   831,   861,   299,   329,   360,   388,   402,   417,   312,   345,   377,   403,   428,   444
Rwanda,,646,  7 260,  5 913,  8 022,  9 008,  10 294,  11 610,  3 565,  2 839,  3 847,  4 297,  4 915,  5 560,  3 695,  3 074,  4 175,  4 711,  5 379,  6 050
Seychelles,,690,   71,   77,   81,   89,   93,   96,   35,   38,   40,   44,   47,   49,   35,   38,   41,   44,   46,   48
Somalia,,706,  6 322,  6 346,  7 385,  8 467,  9 582,  10 787,  3 130,  3 144,  3 663,  4 205,  4 764,  5 368,  3 191,  3 202,  3 722,  4 262,  4 818,  5 419
South Sudan,,728,  5 762,  5 453,  6 693,  8 100,  10 056,  12 340,  2 864,  2 713,  3 334,  4 041,  5 027,  6 179,  2 898,  2 740,  3 359,  4 059,  5 030,  6 161
Uganda,,800,  17 384,  20 413,  23 758,  28 042,  33 149,  39 032,  8 635,  10 133,  11 809,  13 971,  16 553,  19 507,  8 750,  10 280,  11 949,  14 072,  16 596,  19 525
United Republic of Tanzania,(2),834,  25 458,  29 903,  33 992,  39 066,  45 649,  53 470,  12 608,  14 835,  16 911,  19 395,  22 666,  26 574,  12 850,  15 068,  17 081,  19 671,  22 983,  26 896
Zambia,,894,  8 143,  9 254,  10 585,  12 044,  13 917,  16 212,  4 039,  4 589,  5 257,  5 998,  6 943,  8 094,  4 104,  4 664,  5 328,  6 046,  6 975,  8 118
Zimbabwe,,716,  10 485,  11 683,  12 500,  12 984,  13 974,  15 603,  5 219,  5 806,  6 220,  6 436,  6 905,  7 688,  5 265,  5 878,  6 280,  6 548,  7 069,  7 915
Middle Africa,,911,  70 886,  83 875,  96 113,  111 913,  130 598,  151 952,  35 035,  41 532,  47 685,  55 638,  65 043,  75 776,  35 851,  42 343,  48 428,  56 275,  65 555,  76 176
Angola,,24,  11 128,  13 043,  15 059,  17 913,  21 220,  25 022,  5 479,  6 420,  7 427,  8 857,  10 513,  12 416,  5 649,  6 622,  7 631,  9 056,  10 707,  12 606
Cameroon,,120,  12 070,  13 930,  15 928,  18 127,  20 591,  23 344,  5 995,  6 928,  7 934,  9 045,  10 288,  11 672,  6 075,  7 002,  7 994,  9 082,  10 302,  11 672
Central African Republic,,140,  2 938,  3 336,  3 726,  4 056,  4 445,  4 900,  1 443,  1 638,  1 831,  1 995,  2 189,  2 415,  1 495,  1 698,  1 895,  2 060,  2 256,  2 485
Chad,,148,  5 958,  7 002,  8 343,  10 068,  11 896,  14 037,  2 958,  3 482,  4 156,  5 025,  5 950,  7 028,  3 000,  3 520,  4 188,  5 042,  5 947,  7 010
Congo,,178,  2 386,  2 721,  3 109,  3 503,  4 066,  4 620,  1 190,  1 357,  1 552,  1 750,  2 033,  2 311,  1 197,  1 364,  1 557,  1 753,  2 033,  2 309
Democratic Republic of the Congo,,180,  34 963,  42 184,  48 049,  56 090,  65 939,  77 267,  17 255,  20 880,  23 834,  27 878,  32 833,  38 533,  17 707,  21 304,  24 215,  28 212,  33 106,  38 734
Equatorial Guinea,,226,   377,   448,   531,   626,   729,   845,   193,   229,   272,   321,   374,   433,   185,   219,   259,   305,   355,   412
Gabon,,266,   952,  1 086,  1 232,  1 378,  1 542,  1 725,   466,   535,   611,   690,   778,   872,   486,   552,   620,   688,   764,   853
Sao Tome and Principe,,678,   114,   126,   137,   153,   171,   190,   56,   62,   68,   76,   85,   95,   57,   63,   69,   77,   86,   96
Northern Africa,,912,  140 117,  157 438,  171 891,  186 917,  203 717,  223 892,  70 481,  79 224,  86 407,  93 864,  102 232,  112 402,  69 636,  78 214,  85 484,  93 053,  101 484,  111 489
Algeria,,12,  25 912,  28 904,  31 184,  33 268,  36 036,  39 667,  13 117,  14 639,  15 803,  16 809,  18 151,  19 958,  12 795,  14 265,  15 381,  16 459,  17 885,  19 709
Egypt,,818,  56 397,  62 435,  68 335,  74 942,  82 041,  91 508,  28 295,  31 396,  34 354,  37 762,  41 405,  46 240,  28 102,  31 038,  33 981,  37 180,  40 636,  45 268
Libya,,434,  4 398,  4 878,  5 337,  5 802,  6 266,  6 278,  2 320,  2 556,  2 784,  2 999,  3 207,  3 157,  2 079,  2 322,  2 553,  2 802,  3 058,  3 122
Morocco,,504,  24 950,  27 162,  28 951,  30 385,  32 108,  34 378,  12 449,  13 513,  14 345,  14 986,  15 803,  16 989,  12 501,  13 649,  14 605,  15 400,  16 305,  17 388
Sudan,(3),729,  20 009,  24 692,  28 080,  31 990,  36 115,  40 235,  10 047,  12 398,  14 094,  16 050,  18 120,  20 197,  9 962,  12 294,  13 986,  15 940,  17 995,  20 038
Tunisia,,788,  8 233,  9 114,  9 699,  10 102,  10 639,  11 254,  4 139,  4 590,  4 866,  5 032,  5 276,  5 561,  4 093,  4 524,  4 833,  5 071,  5 363,  5 692
Western Sahara,,732,   217,   253,   306,   428,   512,   573,   114,   132,   160,   226,   270,   300,   103,   122,   146,   202,   242,   273
Southern Africa,,913,  42 049,  47 375,  51 451,  55 274,  59 067,  62 634,  20 760,  23 324,  25 314,  27 143,  28 983,  30 818,  21 289,  24 051,  26 137,  28 132,  30 084,  31 816
Botswana,,72,  1 380,  1 576,  1 737,  1 864,  2 048,  2 262,   681,   781,   864,   930,  1 023,  1 130,   699,   795,   872,   934,  1 025,  1 132
Lesotho,,426,  1 598,  1 754,  1 856,  1 926,  2 011,  2 135,   776,   859,   899,   939,   988,  1 057,   821,   894,   957,   987,  1 023,  1 078
Namibia,,516,  1 415,  1 654,  1 898,  2 027,  2 194,  2 459,   692,   811,   933,   990,  1 064,  1 197,   724,   843,   965,  1 037,  1 129,  1 262
South Africa,,710,  36 793,  41 427,  44 897,  48 353,  51 622,  54 490,  18 204,  20 409,  22 103,  23 744,  25 322,  26 797,  18 589,  21 018,  22 794,  24 609,  26 300,  27 693
Swaziland,,748,   863,   963,  1 064,  1 105,  1 193,  1 287,   407,   463,   515,   540,   587,   636,   456,   500,   549,   565,   607,   651
Western Africa,,914,  180 331,  206 419,  235 235,  268 498,  307 982,  353 224,  90 586,  103 749,  118 387,  135 222,  155 224,  178 324,  89 744,  102 670,  116 848,  133 276,  152 759,  174 900
Benin,,204,  5 001,  5 986,  6 949,  8 182,  9 510,  10 880,  2 417,  2 928,  3 408,  4 048,  4 731,  5 426,  2 584,  3 058,  3 541,  4 134,  4 778,  5 454
Burkina Faso,,854,  8 811,  10 090,  11 608,  13 422,  15 632,  18 106,  4 306,  4 943,  5 702,  6 622,  7 737,  8 984,  4 505,  5 147,  5 906,  6 800,  7 895,  9 121
Cabo Verde,,132,   341,   389,   439,   474,   490,   521,   162,   187,   212,   232,   241,   257,   179,   202,   227,   242,   249,   264
Côte d'Ivoire,,384,  12 166,  14 404,  16 518,  18 133,  20 132,  22 702,  6 329,  7 468,  8 533,  9 306,  10 279,  11 546,  5 837,  6 936,  7 984,  8 827,  9 853,  11 155
Gambia,,270,   917,  1 066,  1 229,  1 441,  1 693,  1 991,   462,   533,   610,   714,   838,   986,   455,   533,   619,   726,   855,  1 005
Ghana,,288,  14 628,  16 761,  18 825,  21 390,  24 318,  27 410,  7 434,  8 474,  9 507,  10 686,  12 035,  13 635,  7 195,  8 287,  9 318,  10 704,  12 283,  13 774
Guinea,,324,  6 034,  7 863,  8 799,  9 669,  11 012,  12 609,  2 984,  3 900,  4 382,  4 833,  5 513,  6 322,  3 050,  3 963,  4 418,  4 836,  5 500,  6 286
Guinea-Bissau,,624,  1 056,  1 181,  1 315,  1 463,  1 634,  1 844,   521,   583,   650,   725,   811,   916,   535,   598,   665,   737,   823,   929
Liberia,,430,  2 103,  2 080,  2 892,  3 270,  3 958,  4 503,  1 047,  1 035,  1 445,  1 639,  1 990,  2 270,  1 056,  1 045,  1 447,  1 630,  1 968,  2 234
Mali,,466,  8 482,  9 641,  11 047,  12 881,  15 167,  17 600,  4 197,  4 791,  5 517,  6 465,  7 644,  8 885,  4 285,  4 850,  5 530,  6 417,  7 523,  8 715
Mauritania,,478,  2 024,  2 334,  2 711,  3 154,  3 591,  4 068,  1 009,  1 165,  1 358,  1 584,  1 805,  2 047,  1 015,  1 169,  1 354,  1 570,  1 786,  2 021
Niger,,562,  7 912,  9 362,  11 225,  13 485,  16 292,  19 899,  3 890,  4 636,  5 612,  6 768,  8 202,  10 029,  4 021,  4 726,  5 613,  6 717,  8 090,  9 870
Nigeria,,566,  95 617,  108 425,  122 877,  139 611,  159 425,  182 202,  48 276,  54 793,  62 210,  70 832,  81 051,  92 789,  47 341,  53 632,  60 667,  68 780,  78 374,  89 413
Saint Helena,(4),654,   6,   5,   5,   4,   4,   4,..,..,..,..,..,..,..,..,..,..,..,..
Senegal,,686,  7 514,  8 711,  9 861,  11 269,  12 957,  15 129,  3 740,  4 325,  4 853,  5 527,  6 344,  7 429,  3 774,  4 386,  5 008,  5 742,  6 613,  7 701
Sierra Leone,,694,  3 931,  3 838,  4 061,  5 071,  5 776,  6 453,  1 942,  1 895,  2 005,  2 501,  2 852,  3 193,  1 990,  1 943,  2 056,  2 570,  2 924,  3 260
Togo,,768,  3 787,  4 284,  4 875,  5 578,  6 391,  7 305,  1 868,  2 092,  2 383,  2 737,  3 148,  3 609,  1 919,  2 192,  2 492,  2 841,  3 243,  3 695
Asia,,935, 3 202 475, 3 474 849, 3 714 470, 3 944 670, 4 169 860, 4 393 296, 1 634 735, 1 774 574, 1 896 485, 2 015 857, 2 132 586, 2 246 986, 1 567 740, 1 700 275, 1 817 985, 1 928 813, 2 037 274, 2 146 310
Central Asia,,5500,  50 405,  53 178,  55 117,  58 043,  62 139,  67 314,  24 732,  26 171,  27 082,  28 496,  30 503,  33 088,  25 673,  27 007,  28 035,  29 547,  31 636,  34 226
Kazakhstan,,398,  16 530,  15 926,  14 957,  15 452,  16 311,  17 625,  8 002,  7 693,  7 171,  7 421,  7 862,  8 512,  8 528,  8 233,  7 786,  8 031,  8 449,  9 113
Kyrgyzstan,,417,  4 395,  4 592,  4 955,  5 115,  5 465,  5 940,  2 149,  2 260,  2 444,  2 530,  2 695,  2 940,  2 245,  2 333,  2 511,  2 585,  2 770,  3 000
Tajikistan,,762,  5 297,  5 784,  6 186,  6 806,  7 582,  8 482,  2 631,  2 893,  3 100,  3 421,  3 812,  4 296,  2 666,  2 891,  3 086,  3 385,  3 769,  4 186
Turkmenistan,,795,  3 668,  4 188,  4 501,  4 748,  5 042,  5 374,  1 809,  2 068,  2 222,  2 342,  2 483,  2 641,  1 859,  2 120,  2 279,  2 406,  2 559,  2 733
Uzbekistan,,860,  20 515,  22 687,  24 518,  25 922,  27 740,  29 893,  10 141,  11 258,  12 144,  12 782,  13 651,  14 699,  10 374,  11 430,  12 374,  13 140,  14 088,  15 194
Eastern Asia,,906, 1 368 592, 1 448 738, 1 496 284, 1 536 540, 1 575 320, 1 612 287,  698 498,  739 843,  764 089,  785 068,  805 215,  824 700,  670 094,  708 895,  732 195,  751 472,  770 106,  787 587
China,(5),156, 1 154 606, 1 227 841, 1 269 975, 1 305 601, 1 340 969, 1 376 049,  592 506,  630 561,  652 374,  671 410,  690 256,  708 977,  562 099,  597 281,  617 600,  634 191,  650 712,  667 072
"China, Hong Kong Special Administrative Region",(6),344,  5 794,  6 144,  6 784,  6 842,  6 994,  7 288,  2 962,  3 074,  3 304,  3 270,  3 281,  3 422,  2 832,  3 070,  3 479,  3 572,  3 713,  3 866
"China, Macao Special Administrative Region",(7),446,   360,   398,   432,   468,   535,   588,   175,   193,   209,   224,   257,   283,   185,   205,   223,   244,   278,   305
Democratic People's Republic of Korea,,408,  20 194,  21 764,  22 840,  23 813,  24 501,  25 155,  9 809,  10 608,  11 132,  11 624,  11 970,  12 300,  10 385,  11 156,  11 708,  12 189,  12 531,  12 856
Japan,,392,  122 249,  124 483,  125 715,  126 979,  127 320,  126 573,  59 943,  61 010,  61 490,  61 956,  62 018,  61 559,  62 306,  63 473,  64 224,  65 023,  65 302,  65 015
Mongolia,,496,  2 184,  2 298,  2 397,  2 526,  2 713,  2 959,  1 078,  1 138,  1 196,  1 257,  1 346,  1 465,  1 106,  1 160,  1 202,  1 270,  1 367,  1 494
Republic of Korea,,410,  42 972,  44 653,  46 206,  47 606,  49 090,  50 293,  21 523,  22 361,  23 179,  23 790,  24 422,  24 995,  21 449,  22 292,  23 027,  23 816,  24 668,  25 298
South-Eastern Asia,,920,  445 665,  486 881,  526 179,  563 157,  596 708,  633 490,  222 338,  242 676,  262 028,  280 534,  297 955,  316 148,  223 327,  244 205,  264 150,  282 623,  298 753,  317 341
Brunei Darussalam,,96,   257,   295,   331,   362,   393,   423,   136,   155,   168,   186,   203,   218,   121,   140,   162,   176,   190,   205
Cambodia,,116,  9 009,  10 694,  12 198,  13 320,  14 364,  15 578,  4 351,  5 192,  5 928,  6 465,  6 997,  7 598,  4 658,  5 503,  6 270,  6 855,  7 366,  7 980
Indonesia,,360,  181 437,  196 958,  211 540,  226 255,  241 613,  257 564,  91 116,  98 526,  105 868,  113 587,  121 773,  129 688,  90 321,  98 432,  105 672,  112 667,  119 840,  127 876
Lao People's Democratic Republic,,418,  4 248,  4 858,  5 343,  5 745,  6 261,  6 802,  2 124,  2 421,  2 661,  2 841,  3 106,  3 385,  2 123,  2 437,  2 682,  2 904,  3 154,  3 417
Malaysia,(8),458,  18 211,  20 725,  23 421,  25 796,  28 120,  30 331,  9 244,  10 530,  11 909,  12 995,  13 956,  15 026,  8 967,  10 195,  11 511,  12 801,  14 163,  15 305
Myanmar,,104,  42 007,  44 711,  47 670,  49 985,  51 733,  53 897,  20 571,  21 911,  23 301,  24 420,  25 252,  26 335,  21 437,  22 800,  24 369,  25 564,  26 481,  27 562
Philippines,,608,  61 947,  69 836,  77 932,  86 141,  93 039,  100 699,  31 293,  35 227,  39 249,  43 293,  47 060,  50 813,  30 655,  34 609,  38 683,  42 848,  45 979,  49 887
Singapore,,702,  3 016,  3 483,  3 918,  4 496,  5 079,  5 604,  1 518,  1 753,  1 957,  2 231,  2 506,  2 765,  1 499,  1 730,  1 961,  2 264,  2 573,  2 839
Thailand,,764,  56 583,  59 266,  62 693,  65 864,  66 692,  67 959,  28 027,  29 476,  31 005,  32 544,  32 938,  33 495,  28 556,  29 790,  31 688,  33 320,  33 754,  34 465
Timor-Leste,,626,   740,   856,   847,   989,  1 057,  1 185,   374,   433,   430,   502,   537,   602,   366,   424,   418,   488,   520,   583
Viet Nam,,704,  68 210,  75 199,  80 286,  84 204,  88 358,  93 448,  33 584,  37 054,  39 551,  41 470,  43 627,  46 224,  34 626,  38 145,  40 734,  42 734,  44 731,  47 223
Southern Asia,,5501, 1 189 261, 1 319 396, 1 451 933, 1 581 124, 1 702 991, 1 822 974,  613 752,  680 956,  749 146,  816 106,  877 821,  938 881,  575 508,  638 440,  702 786,  765 018,  825 170,  884 093
Afghanistan,,4,  12 068,  16 773,  19 702,  24 400,  27 962,  32 527,  6 180,  8 682,  10 147,  12 616,  14 368,  16 774,  5 888,  8 090,  9 555,  11 784,  13 595,  15 753
Bangladesh,,50,  105 983,  118 428,  131 281,  142 930,  151 617,  160 996,  54 175,  60 475,  67 000,  72 793,  76 666,  81 277,  51 808,  57 953,  64 280,  70 137,  74 951,  79 719
Bhutan,,64,   536,   509,   564,   651,   720,   775,   277,   262,   290,   347,   386,   416,   258,   247,   274,   304,   334,   359
India,,356,  870 602,  960 875, 1 053 481, 1 144 326, 1 230 985, 1 311 051,  450 560,  497 499,  545 691,  593 104,  638 355,  679 548,  420 042,  463 376,  507 790,  551 223,  592 630,  631 502
Iran (Islamic Republic of),,364,  56 169,  60 319,  65 850,  70 122,  74 253,  79 109,  28 617,  30 591,  33 373,  35 797,  37 543,  39 835,  27 552,  29 728,  32 477,  34 326,  36 711,  39 274
Maldives,,462,   223,   254,   280,   305,   333,   364,   114,   129,   142,   153,   167,   182,   109,   125,   138,   152,   166,   181
Nepal,,524,  18 742,  21 391,  23 740,  25 507,  26 876,  28 514,  9 299,  10 796,  11 806,  12 641,  13 091,  13 816,  9 443,  10 595,  11 935,  12 866,  13 785,  14 697
Pakistan,,586,  107 608,  122 600,  138 250,  153 356,  170 044,  188 925,  55 779,  63 357,  71 330,  79 029,  87 415,  97 052,  51 829,  59 243,  66 921,  74 327,  82 629,  91 873
Sri Lanka,,144,  17 331,  18 248,  18 784,  19 526,  20 201,  20 715,  8 750,  9 166,  9 369,  9 626,  9 830,  9 979,  8 580,  9 083,  9 415,  9 900,  10 371,  10 736
Western Asia,,922,  148 552,  166 656,  184 957,  205 806,  232 703,  257 231,  75 414,  84 927,  94 139,  105 653,  121 092,  134 169,  73 138,  81 729,  90 818,  100 153,  111 610,  123 063
Armenia,,51,  3 545,  3 223,  3 076,  3 015,  2 963,  3 018,  1 719,  1 528,  1 445,  1 479,  1 523,  1 400,  1 825,  1 695,  1 631,  1 536,  1 440,  1 618
Azerbaijan,(9),31,  7 217,  7 771,  8 118,  8 563,  9 100,  9 754,  3 535,  3 803,  3 966,  4 218,  4 510,  4 856,  3 681,  3 967,  4 151,  4 345,  4 590,  4 898
Bahrain,,48,   496,   564,   667,   867,  1 261,  1 377,   286,   325,   381,   521,   787,   854,   210,   239,   286,   346,   474,   524
Cyprus,(10),196,   767,   855,   943,  1 033,  1 104,  1 165,   389,   432,   475,   522,   563,   594,   378,   424,   468,   510,   540,   571
Georgia,(11),268,  5 460,  5 067,  4 744,  4 475,  4 250,  4 000,  2 595,  2 406,  2 245,  2 111,  2 018,  1 908,  2 865,  2 661,  2 499,  2 364,  2 232,  2 092
Iraq,,368,  17 478,  20 218,  23 575,  27 018,  30 868,  36 423,  8 824,  10 200,  11 899,  13 660,  15 608,  18 437,  8 655,  10 018,  11 676,  13 358,  15 260,  17 986
Israel,,376,  4 499,  5 332,  6 014,  6 604,  7 420,  8 064,  2 245,  2 633,  2 964,  3 258,  3 665,  3 999,  2 254,  2 698,  3 050,  3 346,  3 755,  4 065
Jordan,,400,  3 358,  4 320,  4 767,  5 333,  6 518,  7 595,  1 764,  2 270,  2 483,  2 763,  3 360,  3 889,  1 594,  2 051,  2 284,  2 570,  3 158,  3 706
Kuwait,,414,  2 059,  1 637,  1 929,  2 264,  3 059,  3 892,  1 098,   957,  1 133,  1 328,  1 724,  2 186,   961,   680,   797,   935,  1 335,  1 706
Lebanon,,422,  2 703,  3 033,  3 235,  3 987,  4 337,  5 851,  1 333,  1 504,  1 605,  2 026,  2 212,  2 939,  1 370,  1 529,  1 630,  1 961,  2 125,  2 912
Oman,,512,  1 812,  2 192,  2 239,  2 507,  2 944,  4 491,  1 009,  1 300,  1 255,  1 401,  1 756,  2 979,   803,   892,   985,  1 106,  1 188,  1 512
Qatar,,634,   476,   501,   593,   837,  1 766,  2 235,   319,   330,   386,   558,  1 330,  1 624,   157,   171,   208,   279,   435,   612
Saudi Arabia,,682,  16 361,  18 854,  21 392,  24 745,  28 091,  31 540,  9 155,  10 504,  11 782,  13 810,  15 820,  17 836,  7 207,  8 350,  9 610,  10 935,  12 271,  13 704
State of Palestine,(12),275,  2 101,  2 618,  3 224,  3 579,  4 069,  4 668,  1 063,  1 327,  1 634,  1 815,  2 063,  2 367,  1 038,  1 292,  1 589,  1 764,  2 006,  2 302
Syrian Arab Republic,,760,  12 452,  14 332,  16 354,  18 133,  20 721,  18 502,  6 326,  7 281,  8 303,  9 277,  10 479,  9 367,  6 125,  7 051,  8 051,  8 856,  10 242,  9 136
Turkey,,792,  53 995,  58 522,  63 240,  67 861,  72 310,  78 666,  26 637,  28 820,  31 114,  33 364,  35 525,  38 675,  27 358,  29 702,  32 126,  34 496,  36 786,  39 991
United Arab Emirates,,784,  1 811,  2 350,  3 050,  4 482,  8 329,  9 157,  1 192,  1 566,  2 066,  3 186,  6 232,  6 708,   620,   784,   984,  1 296,  2 097,  2 449
Yemen,,887,  11 961,  15 266,  17 795,  20 504,  23 592,  26 832,  5 924,  7 741,  9 001,  10 356,  11 918,  13 553,  6 037,  7 525,  8 794,  10 149,  11 674,  13 279
Europe,,908,  721 086,  727 778,  726 407,  729 007,  735 395,  738 442,  347 356,  350 901,  350 268,  351 438,  354 425,  356 167,  373 730,  376 878,  376 140,  377 569,  380 970,  382 275
Eastern Europe,,923,  310 027,  309 569,  303 789,  297 482,  294 591,  292 943,  146 931,  146 777,  143 759,  140 238,  138 533,  137 872,  163 096,  162 792,  160 030,  157 244,  156 059,  155 071
Belarus,,112,  10 232,  10 160,  9 952,  9 641,  9 492,  9 496,  4 800,  4 765,  4 673,  4 502,  4 414,  4 414,  5 432,  5 395,  5 279,  5 139,  5 078,  5 082
Bulgaria,,100,  8 821,  8 358,  8 001,  7 683,  7 407,  7 150,  4 349,  4 093,  3 898,  3 740,  3 606,  3 473,  4 472,  4 265,  4 102,  3 942,  3 801,  3 676
Czech Republic,,203,  10 324,  10 336,  10 263,  10 231,  10 507,  10 543,  5 012,  5 022,  4 992,  4 982,  5 155,  5 180,  5 312,  5 314,  5 271,  5 249,  5 351,  5 363
Hungary,,348,  10 385,  10 352,  10 224,  10 096,  10 015,  9 855,  4 988,  4 946,  4 865,  4 792,  4 757,  4 691,  5 397,  5 406,  5 359,  5 304,  5 258,  5 164
Poland,,616,  38 195,  38 592,  38 486,  38 464,  38 575,  38 612,  18 572,  18 728,  18 681,  18 643,  18 671,  18 674,  19 623,  19 864,  19 805,  19 820,  19 904,  19 938
Republic of Moldova,(13),498,  4 364,  4 339,  4 201,  4 158,  4 084,  4 069,  2 080,  2 073,  2 011,  1 991,  1 964,  1 956,  2 284,  2 267,  2 190,  2 166,  2 121,  2 113
Romania,,642,  23 489,  22 965,  22 128,  21 408,  20 299,  19 511,  11 580,  11 284,  10 825,  10 439,  9 860,  9 451,  11 910,  11 681,  11 303,  10 969,  10 439,  10 060
Russian Federation,,643,  147 569,  148 293,  146 401,  143 623,  143 158,  143 457,  69 087,  69 571,  68 511,  66 836,  66 390,  66 644,  78 481,  78 723,  77 890,  76 786,  76 768,  76 813
Slovakia,,703,  5 278,  5 363,  5 386,  5 385,  5 407,  5 426,  2 578,  2 611,  2 616,  2 612,  2 621,  2 630,  2 700,  2 752,  2 770,  2 774,  2 786,  2 796
Ukraine,,804,  51 370,  50 812,  48 746,  46 795,  45 647,  44 824,  23 885,  23 684,  22 686,  21 701,  21 095,  20 759,  27 485,  27 128,  26 060,  25 095,  24 553,  24 064
Northern Europe,,924,  92 040,  93 153,  94 397,  96 239,  99 682,  102 358,  44 778,  45 323,  46 015,  47 089,  48 939,  50 432,  47 263,  47 831,  48 383,  49 149,  50 743,  51 926
Channel Islands,(14),830,   141,   144,   149,   154,   160,   164,   68,   70,   73,   76,   79,   81,   72,   74,   76,   78,   81,   83
Denmark,,208,  5 140,  5 233,  5 338,  5 418,  5 551,  5 669,  2 535,  2 584,  2 640,  2 682,  2 753,  2 814,  2 606,  2 649,  2 698,  2 735,  2 798,  2 855
Estonia,,233,  1 565,  1 433,  1 399,  1 356,  1 332,  1 313,   732,   663,   653,   630,   620,   614,   833,   770,   747,   726,   712,   698
Faeroe Islands,,234,   48,   44,   46,   48,   49,   48,..,..,..,..,..,..,..,..,..,..,..,..
Finland,(15),246,  4 987,  5 108,  5 176,  5 246,  5 368,  5 503,  2 420,  2 487,  2 526,  2 567,  2 634,  2 709,  2 567,  2 621,  2 650,  2 679,  2 734,  2 794
Iceland,,352,   255,   267,   281,   297,   318,   329,   128,   134,   141,   149,   160,   165,   127,   133,   140,   148,   158,   164
Ireland,,372,  3 563,  3 645,  3 842,  4 204,  4 617,  4 688,  1 774,  1 811,  1 910,  2 099,  2 301,  2 340,  1 789,  1 834,  1 931,  2 104,  2 316,  2 348
Isle of Man,,833,   70,   72,   77,   80,   84,   88,..,..,..,..,..,..,..,..,..,..,..,..
Latvia,,428,  2 664,  2 488,  2 371,  2 228,  2 091,  1 971,  1 238,  1 147,  1 091,  1 021,   955,   904,  1 426,  1 341,  1 280,  1 207,  1 135,  1 067
Lithuania,,440,  3 697,  3 628,  3 486,  3 343,  3 123,  2 878,  1 750,  1 710,  1 632,  1 556,  1 440,  1 325,  1 948,  1 919,  1 855,  1 788,  1 683,  1 553
Norway,(16),578,  4 240,  4 360,  4 492,  4 624,  4 891,  5 211,  2 096,  2 155,  2 224,  2 293,  2 444,  2 625,  2 145,  2 205,  2 268,  2 332,  2 447,  2 586
Sweden,,752,  8 559,  8 827,  8 872,  9 030,  9 382,  9 779,  4 228,  4 361,  4 387,  4 477,  4 672,  4 887,  4 331,  4 466,  4 486,  4 554,  4 711,  4 893
United Kingdom of Great Britain and Northern Ireland,,826,  57 110,  57 904,  58 867,  60 210,  62 717,  64 716,  27 750,  28 143,  28 677,  29 474,  30 813,  31 899,  29 360,  29 761,  30 190,  30 736,  31 903,  32 817
Southern Europe,,925,  143 404,  144 147,  145 058,  149 735,  153 360,  152 348,  70 153,  70 377,  70 868,  73 302,  75 041,  74 282,  73 250,  73 770,  74 190,  76 433,  78 319,  78 066
Albania,,8,  3 281,  3 107,  3 122,  3 082,  2 902,  2 897,  1 681,  1 529,  1 578,  1 549,  1 463,  1 437,  1 601,  1 577,  1 544,  1 533,  1 439,  1 460
Andorra,,20,   55,   64,   65,   81,   84,   70,..,..,..,..,..,..,..,..,..,..,..,..
Bosnia and Herzegovina,,70,  4 527,  3 879,  3 793,  3 833,  3 835,  3 810,  2 262,  1 933,  1 891,  1 910,  1 910,  1 896,  2 265,  1 946,  1 902,  1 924,  1 926,  1 914
Croatia,,191,  4 776,  4 617,  4 428,  4 378,  4 316,  4 240,  2 316,  2 233,  2 132,  2 108,  2 081,  2 045,  2 461,  2 384,  2 296,  2 270,  2 236,  2 195
Gibraltar,,292,   27,   27,   27,   29,   31,   32,..,..,..,..,..,..,..,..,..,..,..,..
Greece,,300,  10 132,  10 641,  10 954,  11 070,  11 178,  10 955,  5 001,  5 260,  5 415,  5 449,  5 484,  5 345,  5 131,  5 381,  5 539,  5 620,  5 694,  5 609
Holy See,(17),336,   1,   1,   1,   1,   1,   1,..,..,..,..,..,..,..,..,..,..,..,..
Italy,,380,  57 008,  57 120,  57 147,  58 657,  59 588,  59 798,  27 724,  27 733,  27 717,  28 527,  28 937,  29 070,  29 284,  29 387,  29 430,  30 130,  30 651,  30 728
Malta,,470,   356,   372,   387,   397,   412,   419,   175,   184,   192,   196,   205,   208,   181,   189,   196,   201,   207,   210
Montenegro,,499,   615,   620,   614,   616,   622,   626,   306,   308,   303,   303,   307,   309,   309,   312,   311,   314,   315,   317
Portugal,,620,  9 890,  10 078,  10 279,  10 480,  10 585,  10 350,  4 762,  4 856,  4 959,  5 069,  5 065,  4 901,  5 128,  5 222,  5 320,  5 411,  5 520,  5 449
San Marino,,674,   24,   26,   27,   29,   31,   32,..,..,..,..,..,..,..,..,..,..,..,..
Serbia,(18),688,  9 518,  9 884,  9 463,  9 187,  9 059,  8 851,  4 698,  4 871,  4 644,  4 491,  4 428,  4 320,  4 820,  5 014,  4 819,  4 696,  4 631,  4 531
Slovenia,,705,  2 007,  1 991,  1 989,  1 997,  2 052,  2 068,   974,   965,   971,   975,  1 017,  1 025,  1 033,  1 026,  1 018,  1 022,  1 036,  1 043
Spain,(19),724,  39 192,  39 764,  40 750,  43 855,  46 601,  46 122,  19 195,  19 466,  20 000,  21 634,  23 044,  22 624,  19 997,  20 298,  20 749,  22 221,  23 557,  23 498
The former Yugoslav Republic of Macedonia,,807,  1 996,  1 954,  2 012,  2 043,  2 062,  2 078,  1 004,   979,  1 006,  1 019,  1 028,  1 035,   992,   975,  1 006,  1 024,  1 035,  1 044
Western Europe,,926,  175 615,  180 909,  183 163,  185 552,  187 762,  190 794,  85 494,  88 424,  89 626,  90 808,  91 912,  93 581,  90 121,  92 485,  93 537,  94 743,  95 849,  97 212
Austria,,40,  7 707,  7 973,  8 051,  8 235,  8 392,  8 545,  3 686,  3 848,  3 907,  4 002,  4 089,  4 196,  4 020,  4 125,  4 144,  4 233,  4 303,  4 348
Belgium,,56,  9 978,  10 162,  10 268,  10 561,  10 930,  11 299,  4 879,  4 971,  5 020,  5 170,  5 356,  5 559,  5 100,  5 191,  5 248,  5 392,  5 574,  5 740
France,,250,  56 943,  58 224,  59 387,  61 242,  62 961,  64 395,  27 960,  28 533,  29 048,  29 885,  30 676,  31 342,  28 983,  29 691,  30 339,  31 357,  32 285,  33 054
Germany,,276,  78 958,  81 613,  81 896,  81 247,  80 435,  80 689,  38 125,  39 772,  40 040,  39 785,  39 412,  39 653,  40 833,  41 840,  41 856,  41 462,  41 023,  41 036
Liechtenstein,,438,   29,   31,   33,   35,   36,   38,..,..,..,..,..,..,..,..,..,..,..,..
Luxembourg,,442,   382,   408,   436,   458,   508,   567,   187,   200,   215,   226,   252,   285,   195,   208,   221,   232,   256,   282
Monaco,,492,   29,   31,   32,   34,   37,   38,..,..,..,..,..,..,..,..,..,..,..,..
Netherlands,,528,  14 915,  15 451,  15 894,  16 332,  16 632,  16 925,  7 372,  7 643,  7 864,  8 081,  8 235,  8 401,  7 544,  7 808,  8 030,  8 251,  8 396,  8 524
Switzerland,,756,  6 674,  7 017,  7 166,  7 409,  7 831,  8 299,  3 258,  3 427,  3 501,  3 626,  3 855,  4 109,  3 416,  3 590,  3 665,  3 782,  3 975,  4 189
Latin America and the Caribbean,,904,  446 889,  487 326,  526 890,  563 826,  599 823,  634 387,  221 990,  241 691,  260 999,  279 063,  296 659,  313 509,  224 899,  245 635,  265 891,  284 763,  303 164,  320 878
Caribbean,,915,  34 198,  36 375,  38 314,  40 028,  41 621,  43 199,  17 012,  18 078,  19 015,  19 850,  20 636,  21 406,  17 185,  18 297,  19 299,  20 178,  20 985,  21 794
Anguilla,,660,   8,   10,   11,   13,   14,   15,..,..,..,..,..,..,..,..,..,..,..,..
Antigua and Barbuda,,28,   62,   68,   78,   83,   87,   92,   30,   33,   36,   39,   42,   44,   32,   35,   41,   43,   46,   48
Aruba,,533,   62,   80,   91,   100,   102,   104,   31,   40,   44,   48,   48,   49,   31,   41,   47,   52,   53,   55
Bahamas,,44,   256,   280,   298,   329,   361,   388,   127,   138,   145,   161,   176,   190,   129,   142,   153,   169,   184,   198
Barbados,,52,   260,   265,   270,   274,   280,   284,   125,   127,   130,   132,   134,   136,   135,   137,   140,   142,   145,   148
"Bonaire, Sint Eustatius and Saba",(20),535,   13,   15,   14,   14,   21,   25,..,..,..,..,..,..,..,..,..,..,..,..
British Virgin Islands,,92,   16,   18,   21,   23,   27,   30,..,..,..,..,..,..,..,..,..,..,..,..
Cayman Islands,,136,   25,   32,   42,   49,   56,   60,..,..,..,..,..,..,..,..,..,..,..,..
Cuba,,192,  10 582,  10 906,  11 117,  11 261,  11 308,  11 390,  5 332,  5 490,  5 584,  5 662,  5 686,  5 722,  5 251,  5 416,  5 533,  5 599,  5 622,  5 668
Curaçao,,531,   147,   144,   132,   129,   148,   157,   70,   68,   62,   61,   68,   73,   76,   76,   70,   69,   80,   85
Dominica,,212,   71,   71,   70,   71,   71,   73,..,..,..,..,..,..,..,..,..,..,..,..
Dominican Republic,,214,  7 184,  7 892,  8 563,  9 238,  9 898,  10 528,  3 614,  3 964,  4 291,  4 620,  4 941,  5 246,  3 569,  3 929,  4 271,  4 618,  4 957,  5 282
Grenada,,308,   96,   100,   102,   103,   105,   107,   48,   50,   50,   51,   52,   54,   49,   51,   51,   52,   52,   53
Guadeloupe,(21),312,   390,   408,   431,   451,   457,   468,   190,   198,   207,   213,   213,   217,   199,   210,   224,   237,   243,   252
Haiti,,332,  7 100,  7 820,  8 549,  9 263,  10 000,  10 711,  3 500,  3 858,  4 221,  4 577,  4 943,  5 297,  3 600,  3 962,  4 328,  4 686,  5 056,  5 414
Jamaica,,388,  2 386,  2 490,  2 600,  2 678,  2 741,  2 793,  1 177,  1 231,  1 293,  1 326,  1 362,  1 391,  1 209,  1 258,  1 307,  1 352,  1 379,  1 402
Martinique,,474,   358,   369,   387,   397,   395,   396,   173,   176,   182,   185,   182,   182,   185,   193,   205,   212,   212,   215
Montserrat,,500,   11,   10,   5,   5,   5,   5,..,..,..,..,..,..,..,..,..,..,..,..
Puerto Rico,,630,  3 518,  3 690,  3 797,  3 761,  3 710,  3 683,  1 704,  1 780,  1 828,  1 806,  1 783,  1 771,  1 814,  1 909,  1 969,  1 956,  1 927,  1 913
Saint Kitts and Nevis,,659,   41,   43,   46,   49,   52,   56,..,..,..,..,..,..,..,..,..,..,..,..
Saint Lucia,,662,   138,   147,   157,   165,   177,   185,   68,   72,   77,   81,   87,   91,   70,   75,   80,   84,   90,   94
Saint Vincent and the Grenadines,,670,   108,   108,   108,   109,   109,   109,   53,   54,   54,   55,   55,   55,   54,   54,   54,   54,   54,   54
Sint Maarten (Dutch part),,534,   29,   31,   32,   33,   33,   39,..,..,..,..,..,..,..,..,..,..,..,..
Trinidad and Tobago,,780,  1 222,  1 255,  1 268,  1 297,  1 328,  1 360,   609,   625,   631,   643,   657,   671,   613,   630,   637,   654,   671,   689
Turks and Caicos Islands,,796,   12,   15,   19,   26,   31,   34,..,..,..,..,..,..,..,..,..,..,..,..
United States Virgin Islands,,850,   103,   107,   109,   108,   106,   106,   50,   51,   52,   52,   51,   51,   53,   56,   57,   56,   56,   56
Central America,,916,  114 823,  127 032,  138 780,  148 989,  161 117,  172 740,  57 102,  63 035,  68 783,  73 843,  79 873,  85 638,  57 721,  63 998,  69 997,  75 146,  81 244,  87 102
Belize,,84,   188,   207,   247,   283,   322,   359,   95,   104,   125,   142,   161,   179,   93,   103,   123,   141,   161,   180
Costa Rica,,188,  3 096,  3 511,  3 925,  4 248,  4 545,  4 808,  1 560,  1 766,  1 970,  2 130,  2 277,  2 406,  1 536,  1 745,  1 955,  2 118,  2 268,  2 402
El Salvador,,222,  5 252,  5 589,  5 812,  5 947,  6 038,  6 127,  2 563,  2 713,  2 799,  2 837,  2 854,  2 875,  2 689,  2 875,  3 013,  3 111,  3 184,  3 251
Guatemala,,320,  9 159,  10 357,  11 689,  13 184,  14 732,  16 343,  4 544,  5 100,  5 714,  6 434,  7 197,  7 993,  4 615,  5 258,  5 975,  6 750,  7 535,  8 350
Honduras,,340,  4 903,  5 591,  6 243,  6 880,  7 504,  8 075,  2 459,  2 800,  3 122,  3 440,  3 751,  4 036,  2 445,  2 791,  3 121,  3 441,  3 753,  4 039
Mexico,,484,  85 609,  94 427,  102 809,  109 748,  118 618,  127 017,  42 577,  46 886,  51 040,  54 535,  58 988,  63 181,  43 033,  47 541,  51 769,  55 213,  59 629,  63 836
Nicaragua,,558,  4 145,  4 612,  5 027,  5 379,  5 738,  6 082,  2 055,  2 285,  2 487,  2 655,  2 827,  2 998,  2 089,  2 328,  2 540,  2 724,  2 911,  3 084
Panama,,591,  2 471,  2 738,  3 029,  3 319,  3 621,  3 929,  1 249,  1 381,  1 526,  1 670,  1 819,  1 970,  1 222,  1 357,  1 503,  1 649,  1 802,  1 959
South America,,931,  297 869,  323 919,  349 796,  374 809,  397 085,  418 447,  147 876,  160 578,  173 201,  185 371,  196 150,  206 465,  149 993,  163 340,  176 595,  189 439,  200 935,  211 982
Argentina,,32,  32 730,  34 995,  37 057,  39 145,  41 223,  43 417,  16 047,  17 143,  18 131,  19 149,  20 163,  21 245,  16 683,  17 852,  18 926,  19 997,  21 060,  22 172
Bolivia (Plurinational State of),,68,  6 856,  7 567,  8 340,  9 125,  9 918,  10 725,  3 437,  3 794,  4 181,  4 575,  4 970,  5 371,  3 419,  3 773,  4 158,  4 550,  4 948,  5 354
Brazil,,76,  150 393,  162 755,  175 786,  188 479,  198 614,  207 848,  74 585,  80 546,  86 860,  93 001,  97 830,  102 201,  75 808,  82 209,  88 926,  95 479,  100 785,  105 647
Chile,,152,  13 141,  14 194,  15 170,  16 097,  17 015,  17 948,  6 479,  7 000,  7 483,  7 940,  8 392,  8 855,  6 663,  7 194,  7 687,  8 157,  8 623,  9 093
Colombia,,170,  34 272,  37 442,  40 404,  43 286,  45 918,  48 229,  17 021,  18 547,  19 981,  21 376,  22 641,  23 744,  17 251,  18 894,  20 423,  21 910,  23 277,  24 485
Ecuador,,218,  10 218,  11 441,  12 629,  13 735,  14 935,  16 144,  5 134,  5 743,  6 331,  6 879,  7 472,  8 071,  5 084,  5 697,  6 297,  6 857,  7 462,  8 073
Falkland Islands (Malvinas),,238,   2,   2,   3,   3,   3,   3,..,..,..,..,..,..,..,..,..,..,..,..
French Guiana,,254,   116,   137,   163,   203,   234,   269,   60,   71,   84,   101,   117,   134,   55,   66,   79,   103,   117,   134
Guyana,,328,   720,   727,   742,   742,   753,   767,   352,   357,   371,   367,   376,   385,   368,   369,   371,   375,   377,   382
Paraguay,,600,  4 214,  4 761,  5 303,  5 795,  6 210,  6 639,  2 130,  2 407,  2 683,  2 935,  3 150,  3 369,  2 084,  2 354,  2 619,  2 861,  3 059,  3 270
Peru,,604,  21 827,  24 039,  25 915,  27 610,  29 374,  31 377,  10 906,  12 013,  12 951,  13 796,  14 676,  15 673,  10 921,  12 026,  12 964,  13 814,  14 698,  15 704
Suriname,,740,   408,   446,   481,   492,   518,   543,   207,   226,   243,   247,   260,   272,   201,   220,   238,   245,   258,   271
Uruguay,,858,  3 110,  3 225,  3 321,  3 326,  3 374,  3 432,  1 508,  1 562,  1 607,  1 605,  1 627,  1 656,  1 601,  1 663,  1 714,  1 720,  1 747,  1 775
Venezuela (Bolivarian Republic of),,862,  19 862,  22 189,  24 481,  26 769,  28 996,  31 108,  10 008,  11 165,  12 291,  13 399,  14 474,  15 487,  9 854,  11 023,  12 191,  13 370,  14 522,  15 621
Northern America,,905,  280 633,  295 700,  313 724,  328 524,  344 129,  357 838,  137 758,  145 528,  154 828,  162 427,  170 282,  177 383,  142 875,  150 171,  158 896,  166 098,  173 847,  180 455
Bermuda,,60,   61,   63,   64,   65,   64,   62,..,..,..,..,..,..,..,..,..,..,..,..
Canada,,124,  27 662,  29 299,  30 702,  32 256,  34 126,  35 940,  13 716,  14 503,  15 204,  15 986,  16 927,  17 826,  13 947,  14 797,  15 498,  16 270,  17 200,  18 114
Greenland,,304,   56,   56,   56,   57,   57,   56,..,..,..,..,..,..,..,..,..,..,..,..
Saint Pierre and Miquelon,,666,   6,   6,   6,   6,   6,   6,..,..,..,..,..,..,..,..,..,..,..,..
United States of America,,840,  252 848,  266 276,  282 896,  296 140,  309 876,  321 774,  123 979,  130 962,  139 559,  146 375,  153 292,  159 494,  128 868,  135 313,  143 337,  149 764,  156 584,  162 280
Oceania,,909,  26 971,  29 054,  31 068,  33 369,  36 411,  39 331,  13 514,  14 533,  15 553,  16 707,  18 265,  19 707,  13 457,  14 520,  15 514,  16 663,  18 146,  19 624
Australia and New Zealand,,927,  20 494,  21 800,  22 965,  24 409,  26 532,  28 497,  10 198,  10 829,  11 425,  12 142,  13 231,  14 189,  10 296,  10 971,  11 541,  12 267,  13 301,  14 308
Australia,(22),36,  17 097,  18 125,  19 107,  20 274,  22 163,  23 969,  8 526,  9 018,  9 531,  10 117,  11 086,  11 976,  8 571,  9 107,  9 576,  10 157,  11 077,  11 993
New Zealand,,554,  3 398,  3 675,  3 858,  4 135,  4 369,  4 529,  1 672,  1 811,  1 893,  2 025,  2 145,  2 213,  1 725,  1 864,  1 965,  2 110,  2 224,  2 315
Melanesia,,928,  5 514,  6 208,  6 993,  7 816,  8 716,  9 623,  2 818,  3 167,  3 565,  3 984,  4 444,  4 904,  2 696,  3 041,  3 428,  3 832,  4 273,  4 719
Fiji,,242,   729,   775,   811,   822,   860,   892,   370,   394,   412,   419,   439,   454,   359,   381,   399,   403,   421,   439
New Caledonia,,540,   169,   189,   210,   229,   246,   263,   86,   97,   106,   115,   125,   133,   83,   93,   104,   114,   121,   130
Papua New Guinea,,598,  4 158,  4 716,  5 374,  6 087,  6 848,  7 619,  2 126,  2 406,  2 740,  3 104,  3 493,  3 887,  2 032,  2 310,  2 634,  2 983,  3 355,  3 733
Solomon Islands,,90,   312,   359,   412,   469,   526,   584,   160,   185,   212,   239,   267,   296,   152,   175,   201,   230,   259,   287
Vanuatu,,548,   147,   168,   185,   209,   236,   265,   75,   86,   95,   107,   120,   134,   71,   82,   90,   103,   116,   131
Micronesia,,954,   415,   467,   497,   503,   502,   526,   215,   238,   249,   253,   254,   266,   200,   228,   248,   250,   248,   260
Guam,,316,   130,   146,   155,   158,   159,   170,   70,   76,   79,   81,   81,   86,   61,   70,   76,   78,   78,   84
Kiribati,,296,   72,   78,   84,   92,   103,   112,   36,   39,   42,   45,   51,   55,   37,   39,   43,   47,   52,   57
Marshall Islands,,584,   47,   51,   52,   52,   52,   53,..,..,..,..,..,..,..,..,..,..,..,..
Micronesia (Federated States of),,583,   96,   108,   107,   106,   104,   104,   49,   55,   54,   54,   53,   54,   47,   53,   53,   52,   51,   51
Nauru,,520,   9,   10,   10,   10,   10,   10,..,..,..,..,..,..,..,..,..,..,..,..
Northern Mariana Islands,,580,   44,   58,   68,   64,   54,   55,..,..,..,..,..,..,..,..,..,..,..,..
Palau,,585,   15,   17,   19,   20,   20,   21,..,..,..,..,..,..,..,..,..,..,..,..
Polynesia,,957,   548,   579,   612,   641,   660,   684,   283,   299,   315,   328,   337,   348,   265,   281,   298,   313,   324,   336
American Samoa,,16,   47,   53,   58,   59,   56,   56,..,..,..,..,..,..,..,..,..,..,..,..
Cook Islands,,184,   18,   18,   18,   19,   20,   21,..,..,..,..,..,..,..,..,..,..,..,..
French Polynesia,,258,   198,   215,   237,   255,   268,   283,   103,   112,   122,   131,   137,   144,   95,   103,   115,   124,   131,   138
Niue,,570,   2,   2,   2,   2,   2,   2,..,..,..,..,..,..,..,..,..,..,..,..
Samoa,,882,   163,   170,   175,   180,   186,   193,   85,   88,   91,   93,   96,   100,   78,   82,   84,   87,   90,   94
Tokelau,,772,   2,   2,   2,   1,   1,   1,..,..,..,..,..,..,..,..,..,..,..,..
Tonga,,776,   95,   96,   98,   101,   104,   106,   48,   49,   50,   51,   52,   53,   47,   47,   48,   50,   52,   53
Tuvalu,,798,   9,   9,   9,   10,   10,   10,..,..,..,..,..,..,..,..,..,..,..,..
Wallis and Futuna Islands,,876,   14,   14,   14,   14,   14,   13,..,..,..,..,..,..,..,..,..,..,..,..
